<log plugin="filesystem_scm@2.1">
  <run class="hudson.model.FreeStyleBuild">
    <actions>
      <hudson.model.CauseAction>
        <causeBag class="linked-hash-map">
          <entry>
            <hudson.model.Cause_-UserIdCause>
              <userId>rotemkash</userId>
            </hudson.model.Cause_-UserIdCause>
            <int>1</int>
          </entry>
        </causeBag>
      </hudson.model.CauseAction>
    </actions>
    <queueId>3</queueId>
    <timestamp>1717006153094</timestamp>
    <startTime>1717006153123</startTime>
    <duration>0</duration>
    <charset>windows-1255</charset>
    <keepLog>false</keepLog>
    <builtOn></builtOn>
    <workspace>C:\Users\Owner\.jenkins\workspace\MyHW</workspace>
    <hudsonVersion>2.452.1</hudsonVersion>
    <scm class="hudson.scm.NullChangeLogParser"/>
  </run>
  <browser class="hudson.plugins.filesystem_scm.FilesystemRepositoryBrowser"/>
  <logs>
    <changelog>
      <parent reference="../../.."/>
      <paths>
        <path>
          <value>target\classes\META-INF\MANIFEST.MF</value>
          <action>ADD</action>
          <changelog reference="../../.."/>
        </path>
        <path>
          <value>target\classes\META-INF\maven\com.ilana.ilana2\automation_basic_project\pom.properties</value>
          <action>ADD</action>
          <changelog reference="../../.."/>
        </path>
        <path>
          <value>target\classes\META-INF\maven\com.ilana.ilana2\automation_basic_project\pom.xml</value>
          <action>ADD</action>
          <changelog reference="../../.."/>
        </path>
        <path>
          <value>target\classes\util\SelUtils$3.class</value>
          <action>DELETE</action>
          <changelog reference="../../.."/>
        </path>
        <path>
          <value>target\maven-status\maven-compiler-plugin\compile\default-compile\createdFiles.lst</value>
          <action>DELETE</action>
          <changelog reference="../../.."/>
        </path>
        <path>
          <value>target\maven-status\maven-compiler-plugin\compile\default-compile\inputFiles.lst</value>
          <action>DELETE</action>
          <changelog reference="../../.."/>
        </path>
        <path>
          <value>target\maven-status\maven-compiler-plugin\testCompile\default-testCompile\createdFiles.lst</value>
          <action>DELETE</action>
          <changelog reference="../../.."/>
        </path>
        <path>
          <value>target\maven-status\maven-compiler-plugin\testCompile\default-testCompile\inputFiles.lst</value>
          <action>DELETE</action>
          <changelog reference="../../.."/>
        </path>
      </paths>
    </changelog>
  </logs>
</log>